{"cameraMode":{"drawMode":0,"name":"Shaded","section":"Shading Mode"},"sceneLighting":true,"audioPlay":false,"sceneViewState":{"showFog":true,"showMaterialUpdate":false,"showSkybox":true,"showFlares":true,"showImageEffects":true,"showParticleSystems":true},"in2DMode":false,"pivot":{"x":3.8433988094329836,"y":5.011247158050537,"z":-0.4557940661907196},"rotation":{"x":-0.029791992157697679,"y":0.9188615679740906,"z":-0.0707162395119667,"w":-0.3870806097984314},"size":17.371335983276368,"orthographic":false}